<?xml version="1.0" encoding="UTF-8" ?>
<!DOCTYPE mapper
        PUBLIC "-//mybatis.org//DTD Mapper 3.0//EN"
        "http://mybatis.org/dtd/mybatis-3-mapper.dtd">
<mapper namespace="com.nf.rbac.dao.RoleDao">
    <insert id="addRole">
        insert into role values(#{name},#{description})
    </insert>

    <select id="findRole" resultType="com.nf.rbac.entity.RoleEntity">
        select *
        from role
        where id = #{role_id}
    </select>

    <select id="getAll" resultType="com.nf.rbac.entity.RoleEntity">
        select *
        from Role
    </select>

    <select id="getMenusByRoleId" resultType="com.nf.rbac.entity.MenuEntity">
        select p.*
        from menu p
                 inner join role_privilege rp on p.id = rp.privilege_id
        where rp.role_id = #{role_id}
    </select>
</mapper>