<?xml version="1.0" encoding="UTF-8" ?>
<!DOCTYPE mapper
        PUBLIC "-//mybatis.org//DTD Mapper 3.0//EN"
        "http://mybatis.org/dtd/mybatis-3-mapper.dtd">
<mapper namespace="com.nf.rbac.dao.UserDao">
    <select id="findUser" resultType="com.nf.rbac.entity.UserEntity">
        select *
        from user
        where id = #{id}
    </select>

    <select id="getAll" resultType="com.nf.rbac.entity.UserEntity">
        select u.*, r.name
        from user u
                 inner join user_role ur on u.id = ur.user_id
                 inner join role r on ur.role_id = r.id
    </select>

    <select id="getRoles" resultType="com.nf.rbac.entity.RoleEntity">
        select r.*
        from role r,
             user_role ur
        where ur.user_id = #{userId}
          and r.id = ur.role_id
    </select>

    <select id="findUserByUsernameAndPassword" resultType="com.nf.rbac.entity.UserEntity">
        select *
        from user
        where username = #{username}
          and password = #{password}
    </select>

    <update id="updateRole">
        delete from user_role where user_id = ?
    </update>

    <insert id="addUser">
        insert into user values(#{username},#{password})
    </insert>

    <delete id="deleteRolesByUserId">
        delete from user_role where user_id = #{userId}
    </delete>

    <insert id="insertUserRole">
        insert into user_role (user_id,role_id) values(#{userId},#{roleId})
    </insert>
</mapper>